date,title
2021-12-01,genoa vs ac milan shevchenko mantan klub kesulitan
2021-12-01,odha depok stigma negatif
2021-12-01,pemprov jakarta bentuk tim khusus awasi alat makan bahan melamin bersni
2021-12-01,penonton lokal piala aff acuhkan aturan
2021-12-01,pekan penumpang bandara soekarnohatta capai orang
2021-12-01,ppkm level regulasi ptm jakarta barat berubah
2021-12-01,link live streaming bologna vs roma kickoff wib
2021-12-01,singgung varian corona omicron menlu agenda ri wujudkan visi
2021-12-01,real madrid vs athletic bilbao singa basque wajib waspadai benzema
2021-12-01,pelatih timnas china akui kesulitan lantaran covid
2021-12-01,mensos ingatkan guru ajarkan siswa bully penyandang disabilitas
2021-12-01,link live streaming inter milan vs spezia kickoff wib
2021-12-01,ragam istilah teknis ac
2021-12-01,massa reuni kumpul patung kuda respons wagub dki
2021-12-01,mypertamina fair manjakan pelanggan setia pertamina
2021-12-01,dugaan korupsi dana koni padang pengurus cabor kejari usut aliran dana
2021-12-01,daftar veteran skuad timnas indonesia piala aff
2021-12-01,ambisi guangzhou fc raih kali kesembilan juara liga super china
2021-12-01,selidiki tewasnya anggota fbr joglo polisi pemeriksaan saksi bawa nama ormas
2021-12-01,gunung merapi keluarkan awan panas guguran malam
2021-12-01,jokowi lantik anggota komnas disabilitas mensos beban turun
2021-12-01,warga patungan pemkot ganti tutup goronggorong margonda hilang
2021-12-01,cilegon berpotensi tsunami meter wali kota alarm tanda bahaya dicek
2021-12-01,kunto aji lagu selamatkan kariernya
2021-12-01,langkah kewajiban tim piala aff
2021-12-01,disenggol mobil flyover pekanbaru pemotor tewas terjatuh ketinggian meter
2021-12-01,alex pina pandangannya money heist tamat season volume
2021-12-01,catat benda dibuang sembarangan
2021-12-01,harga minyak goreng jakut tembus rp liter pedagang minggu
2021-12-01,update jakarta pasien covid dirawat
2021-12-01,min mtsn man banyumas persiapkan madrasah berasrama
2021-12-01,alami penyumbatan empedu kunto aji rasakan sakit kurus
2021-12-01,money heist season volume tayang perbedaannya volume
2021-12-01,pengusaha properti dprd gresik bantu warga terdampak banjir kali lamong
2021-12-01,bwf world tour finals alasan kevin tampil beda pakai headband
2021-12-01,taat prokes fasyankes kolaborasi multipihak kunci pencegahan stunting
2021-12-01,polisi terduga teroris luwu timur berlatih pakai senpi m
2021-12-01,raditya dika siapkan dana pernikahan anaknya berusia
2021-12-01,respons sahroni mundur ketua pelaksana formula e jakarta
2021-12-01,buruh protes ump menteri bahlil gaji
2021-12-01,dirundung pandemi covid liga super china bangkit
2021-12-01,hasil olah tkp pelecehan seksual mahasiswi unsri dosen paksa korban pegang kemaluannya
2021-12-01,parlemen didik taliban teroris politisi malaysia tuai hujatan
2021-12-01,alasan grealish main manchester united
2021-12-01,luhut turis bali irit dibanding thailand malaysia
2021-12-01,hamil jalani pemeriksaan polisi lesti kejora kepikiran
2021-12-01,tips mendekorasi ruangan nyaman tertata
2021-12-01,cerita kunto aji lalui cobaan berat tibatiba sakit wujudkan mimpinya
2021-12-01,besi penutup goronggorong margonda dicuri minggu diperbaiki
2021-12-01,manfaat perdagangan internasional
2021-12-01,mengungkap desain jembatan kretek lokasi rawan gempa likuifaksi
2021-12-01,juta warga jakarta divaksin covid dosis
2021-12-01,kecewa putusan ganjar umk buruh jateng berencana menggugat
2021-12-01,bem ui pecat pengurusnya terkait kekerasan seksual
2021-12-01,kunjungi kapolri jenderal dudung sowan pejabat ksad
2021-12-01,hasil bwf world tour finals marcuskevin revans praveenmelati tumbang
2021-12-01,presiden psg buka suara mbappe batal hijrah real madrid
2021-12-01,syuting putri patricia kerja kantoran
2021-12-01,australia tunda buka perbatasan akibat varian omicron
2021-12-01,aids sedunia kenali gejala hiv minggu terinfeksi
2021-12-01,rian dmasiv aktif bermusik berbisnis pandemi
2021-12-01,raih penghargaan ffi film nussa tayang bioskop online
2021-12-01,pembukaan presidensi g jokowi undang delegasi indonesia
2021-12-01,laba konsolidasi bumn capai rp triliun industri keuangan penyumbang terbesar
2021-12-01,korban penipuan marinir gadungan berpangkat mayjen lapor polisi kerugian capai rp juta
2021-12-01,gejala asam urat diwaspadai
2021-12-01,kemenkes varian omicron terdeteksi negara
2021-12-01,restoran fine dining bali cocok liburan romantis bali
2021-12-01,bwf world tour finals marcuskevin senang revans juara olimpiade
2021-12-01,sampah antariksa berkecepatan bikin astronot gagal spacewalk
2021-12-01,ayah ponorogo cabuli anak kandung pelaku dilaporkan istri polisi
2021-12-01,kota bogor turun ppkm level klaster ptm terbatas
2021-12-01,video viral hewan jari tangan penjelasan ahli lipi
2021-12-01,tanda kucing marah pemiliknya
2021-12-01,deretan hunian perumnas dipilih warga jabodetabek
2021-12-01,sikap pushup
2021-12-01,terungkap sopir angkutan barang medan dibunuh sahabatnya dendam
2021-12-01,npwp pengertian manfaat jenis fungsinya
2021-12-01,mensesneg kalinya komnas disabilitas dibentuk
2021-12-01,hst kalsel terendam banjir pengungsi keluhkan gatalgatal
2021-12-01,hadir fffest event kolaborasi online terbesar indonesia
2021-12-01,tabrak truk fuso berhenti bypass bandara lombok pengendara motor tewas
2021-12-01,reksadana pasar uang definisi keuntungan risikonya
2021-12-01,cerita warga gunungkidul relakan tanahnya ditempati sd puluhan
2021-12-01,mahasiswi unsri korban pelecehan seksual kali oknum staf kampus
2021-12-01,dengar pidato cak nun indro enggan bikin biopik warkop dki
2021-12-01,lirik chord lagu am mark knopfler
2021-12-01,petenis johanna konta putuskan pensiun
2021-12-01,skk migas perjalanan net zero emission sprint
2021-12-01,update desember spesimen terkait covid diperiksa positivity rate pcr persen
2021-12-01,hikmah raditya dika khawatirkan siapkan dana pensiun
2021-12-01,odgj bakar rumah warga blitar bunuh orang camat ditolak panti rehabilitasi
2021-12-01,apindo karawang umk berlaku karyawan setahun kerja
2021-12-01,jokowi presidensi indonesia g sebatas seremonial
2021-12-01,rsud kota depok siapkan tangki oksigen kapasitas ton antisipasi gelombang ketiga covid
2021-12-01,infografik aturan terbaru karantina perjalanan internasional
2021-12-01,aids sedunia bedanya hiv aids
2021-12-01,lirik chord lagu fifteen minutes mike krol
2021-12-01,ruas tol transsumatera libur natal
2021-12-01,tarif pajak penghasilan badan menghitungnya
2021-12-01,persen pasien covid wisma atlet kemayoran wni repatriasi
2021-12-01,program pembibitan ikan pangkalpinang terancam mandek garagara anggaran
2021-12-01,cedera pinggang kento momota mundur bwf world tour finals
2021-12-01,wisatawan mancanegara ramai kunjungi jakarta china
2021-12-01,ras anjing terbaik berburu
2021-12-01,bantu atasi stunting medan kadin serahkan timbangan bayi kahiyang ayu
2021-12-01,randy martin betah jomlo putus cassandra lee
2021-12-01,lirik chord lagu love scene baekhyun exo
2021-12-01,rumah dinasnya diserang preman wakil ketua dprd riau mengaku sms ancaman
2021-12-01,ptm terbatas murid tenaga pendidik tangsel positif covid
2021-12-01,warga depok idap hivaids pancoran mas
2021-12-01,indonesia larang kedatangan wna negara akibat varian omicron
2021-12-01,dikeluhkan turun sebenernya anggaran mpr
2021-12-01,tarif cukai rokok terbit pekan
2021-12-01,bmkg peringatkan potensi siklon tropis teratai samudera hindia barat daya lampung
2021-12-01,viral video tukang parkir pasar ludahi perempuan berdaster medan polisi
2021-12-01,lirik chord lagu i dont wanna have to lie lolo
2021-12-01,fakta menarik serial terbaru reza rahadian layangan putus
2021-12-01,solidaritas jurnalis semarang nurhadi korban kekerasan liputan
2021-12-01,kehidupan bony wirasmono film nussa cocok ditonton kalangan
2021-12-01,mantan perdana menteri lesotho didakwa pembunuhan istrinya
2021-12-01,sepenggal cerita petani tembakau warisan cinta
2021-12-01,aplikasi gratis berbagi file ponsel android
2021-12-01,polisi peran terduga teroris luwu timur siapkan pertemuan jaga senjata
2021-12-01,kesedihan nora alexandra jerinx ruang tahanan bebas masuk
2021-12-01,pelajar smp berkomplot residivis bunuh perempuan lpa pr masyarakat pemerintah
2021-12-01,polisi penganiaya jurnalis tempo surabaya dituntut penjara
2021-12-01,pengidap diabetes makan kurma
2021-12-01,fenomena langit desember super new moon puncak hujan meteor
2021-12-01,bwf world tour finals praveenmelati ritme permainan
2021-12-01,hoaks labalaba berbisa pantai membunuh menit
2021-12-01,penis bengkak
2021-12-01,lirik chord lagu for memories wilbur soot
2021-12-01,liburan skenario pembatasan sektor transportasi
2021-12-01,firli bahuri berharap korupsi terkait perizinan investasi
2021-12-01,pln maaf pemeliharaan pltgu bikin listrik batam padam
2021-12-01,anak eks pejuang timtim jokowi kerja bumn eurico guterres sejarah
2021-12-01,peringatan bmkg banjir rob diprediksi landa pesisir jakarta utara desember
2021-12-01,hasil bwf world tour finals marcuskevin atasi rintangan
2021-12-01,langkah membersihkan urine kucing karpet keset
2021-12-01,lirik chord lagu like rain like music baekhyun exo
2021-12-01,keributan cililitan kaca bus transjakarta dipecahkan pakai helm
2021-12-01,bocah bandung dicabuli pedagang mainan korban diimingi uang rp
2021-12-01,terduga teroris ditangkap luwu timur berencana serang aparat
2021-12-01,aturan angkutan jakarta ppkm level
2021-12-01,langkah bangun kebiasaan hidup
2021-12-01,jeritan pkl menyikapi rencana relokasi kawasan malioboro
2021-12-01,pimpinan mpr usul sri mulyani dicopot mensesneg urusan presiden
2021-12-01,lapangan kerja berkat indonesia presidensi g
2021-12-01,bmkg ingatkan potensi tsunami meter cilegon pemkot siapkan jalur evakuasi warga
2021-12-01,waspada siklon tropis teratai bmkg ingatkan potensi hujan lebat angin kencang daerah
2021-12-01,jadwal padat bts batal tampil batam
2021-12-01,senjata hipersonik
2021-12-01,bicarakan album peaches kai exo sisi
2021-12-01,upn veteran jakarta terbuka informasikan meninggalnya mahasiswa
2021-12-01,menhub resmi perkenalkan imotion
2021-12-01,bedanya ruang tamu ruang keluarga
2021-12-01,petani bandung canggih dikenalkan teknologi drone pemupukan
2021-12-01,bpbd kotabaru kalsel bantah kabar korban tewas akibat tanah bergerak
2021-12-01,nia ramadhani ardi bakrie jalani sidang perdana narkoba besok respons kuasa hukum
2021-12-01,mahasiswa ugm teliti uburubur penghambat kanker payudara
2021-12-01,contohcontoh energi alternatif terbarukan
2021-12-01,ditahan perjalanan jerinx sid vs adam deni
2021-12-01,lirik chord lagu seventeen going under sam fender
2021-12-01,kebal krisis properti syariah tumbuh eksponensial pandemi
2021-12-01,infografik aturan perjalanan darat libur natal
2021-12-01,stok kondom kpa pangkalpinang menipis dibutuhkan penyintas hivaids
2021-12-01,menhub ajak milenial pelopor gerakan sadar keselamatan lintas
2021-12-01,bwf world tour finals kalah start buruburu faktor kekalahan pramudyayeremia
2021-12-01,sukses piala aff ikuti aturan
2021-12-01,wapres maruf investasi singapura periode januariseptember capai miliar dolar as
2021-12-01,pmi manufaktur ri kemenkeu langkah pengendalian pandemi membuahkan hasil
2021-12-01,upn veteran jakarta tanda kekerasan jasad mahasiswi meninggal diklat menwa
2021-12-01,lirik chord lagu rescue me marshmello
2021-12-01,dicoret dprd anggaran sumur resapan tambal gaji pjlp
2021-12-01,kabupatenkota alami kenaikan covid sepekan
2021-12-01,metrodata gandeng amazon web services sediakan layanan transformasi cloud
2021-12-01,indonesiaseychelles bahas kerja ekonomi biru menteri kp apresiasi
2021-12-01,gibran larang asn solo mudik bepergian libur natal
2021-12-01,digencarkan pariwisata halal ntb digodok
2021-12-01,penyebab kucing berhenti menyantap makanan kering
2021-12-01,lahan dibayar warga pagari kawasan sirkuit mandalika pohon pisang
2021-12-01,reuni diancam pidana panitia polisi mengamankan menakutnakuti
2021-12-01,jokowi kumpulkan menteri istana bahas corona omicron
2021-12-01,tahanan kejaksaan musisi jerinx pertimbangan ajukan penangguhan penahanan
2021-12-01,waspada varian omicron dokter rs uns imbau pemerintah lakukan
2021-12-01,motor bebek paris video perjalanan pasangan malaysia viral
2021-12-01,odgj blitar mengamuk minggir biar bakar rumah teroris
2021-12-01,berkat sinergi inovasi pemulihan ekonomi gojek raih bank indonesia award
2021-12-01,fakta unik restoran all you can eat asalnya
2021-12-01,hasil drawing kejuaraan dunia badminton wakil indonesia bye
2021-12-01,cegah predator seksual game online pimpinan komisi x usul fitur chat dimatikan
2021-12-01,aids sedunia twitter luncurkan notifikasi khusus hiv indonesia
2021-12-01,ppkm level tangsel anak dilarang masuk mal bioskop
2021-12-01,lirik lagu let you iann dior
2021-12-01,pemerintah terbitkan skb menteri perjelas ketentuan ptm terbatas
2021-12-01,densus sita senapan m peluru terduga teroris sulsel
2021-12-01,foto viral pasutri motor menara eiffel ceritanya
2021-12-01,momen indro satukan warkop dki kasino dono bicara
2021-12-01,pil covid molnupiravir merck kantongi izin fda
